{
  "version": 1,
  "author": "Anonymous maker",
  "editor": "wokwi",
  "parts": [
    { "type": "wokwi-arduino-uno", "id": "uno", "top": 0, "left": 0, "attrs": {} },
    {
      "type": "wokwi-pushbutton",
      "id": "btn1",
      "top": -70.6,
      "left": 153.6,
      "rotate": 90,
      "attrs": { "color": "black", "xray": "1" }
    },
    {
      "type": "board-ssd1306",
      "id": "oled1",
      "top": 233.54,
      "left": 173.03,
      "attrs": { "i2cAddress": "0x3c" }
    },
    { "type": "wokwi-potentiometer", "id": "pot1", "top": 219.5, "left": 38.2, "attrs": {} }
  ],
  "connections": [
    [ "uno:GND.1", "btn1:2.r", "black", [ "v-28.2", "h66.9" ] ],
    [ "btn1:1.r", "uno:2", "blue", [ "v3.5", "h41.9" ] ],
    [ "oled1:GND", "uno:GND.2", "black", [ "v-9.6", "h-38.4" ] ],
    [ "oled1:VCC", "uno:5V", "red", [ "v-19.2", "h-57.45" ] ],
    [ "uno:A4", "oled1:SDA", "green", [ "v38.9", "h-6", "v-9.6" ] ],
    [ "oled1:SCL", "uno:A5", "gray", [ "v-28.8", "h29.1", "v0" ] ],
    [ "pot1:VCC", "uno:5V", "red", [ "v19.2", "h66.4" ] ],
    [ "pot1:SIG", "uno:A0", "white", [ "v28.8", "h66.8", "v-105.6", "h57.6" ] ]
  ],
  "dependencies": {}
}