{
  "version": 1,
  "author": "Paulina Juich",
  "editor": "wokwi",
  "parts": [
    { "type": "wokwi-arduino-uno", "id": "uno", "top": -9, "left": 9, "attrs": {} },
    { "type": "wokwi-button", "id": "button", "top": 80, "left": 240, "rotate": 90, "attrs": {} },
    { "type": "wokwi-potentiometer", "id": "sensor", "top": 200.3, "left": 307, "attrs": {} },
    {
      "type": "board-ssd1306",
      "id": "oled1",
      "top": -6.46,
      "left": 297.83,
      "attrs": { "i2cAddress": "0x3c" }
    }
  ],
  "connections": [
    [ "uno:2", "button:1", "orange", [ "v20", "h40" ] ],
    [ "button:2", "uno:GND", "black", [ "v0", "h-60", "v-40" ] ],
    [ "sensor:GND", "uno:GND", "black", [ "v20", "h-80" ] ],
    [ "uno:GND.2", "oled1:GND", "black", [ "v0" ] ],
    [ "oled1:VCC", "uno:5V", "red", [ "v-19.2", "h-172.65" ] ],
    [ "oled1:SDA", "uno:A4", "green", [ "h57.67", "v153.6", "h-157.2" ] ],
    [ "oled1:SCL", "uno:A5", "purple", [ "v-19.2", "h86.7", "v259.2" ] ],
    [ "sensor:VCC", "uno:5V", "red", [ "v19.5", "h-76.2" ] ],
    [ "sensor:SIG", "uno:A0", "blue", [ "v9.6", "h-125.2" ] ]
  ],
  "dependencies": {}
}