{
  "version": 1,
  "author": "Anonymous maker",
  "editor": "wokwi",
  "parts": [
    { "type": "wokwi-arduino-uno", "id": "uno", "top": -57, "left": -39, "attrs": {} },
    {
      "type": "wokwi-pushbutton",
      "id": "btn1",
      "top": -144.6,
      "left": 99,
      "rotate": 90,
      "attrs": { "color": "grey", "xray": "1" }
    },
    {
      "type": "wokwi-lcd1602",
      "id": "lcd1",
      "top": 121.6,
      "left": 255.2,
      "attrs": { "pins": "i2c" }
    },
    { "type": "wokwi-potentiometer", "id": "pot1", "top": 152.3, "left": -29, "attrs": {} }
  ],
  "connections": [
    [ "uno:5V", "pot1:VCC", "red", [ "v105.5", "h-101" ] ],
    [ "uno:A0", "pot1:SIG", "gray", [ "v115.1", "h-44.2" ] ],
    [ "uno:GND.3", "pot1:GND", "black", [ "v134.3", "h-34.4" ] ],
    [ "lcd1:GND", "uno:GND.3", "black", [ "h0" ] ],
    [ "lcd1:VCC", "uno:5V", "red", [ "h0" ] ],
    [ "lcd1:SDA", "uno:A4", "green", [ "h0" ] ],
    [ "lcd1:SCL", "uno:A5", "yellow", [ "h0" ] ],
    [ "uno:GND.1", "btn1:2.r", "black", [ "v0" ] ],
    [ "btn1:1.r", "uno:2", "white", [ "v0.2", "h57.6" ] ]
  ],
  "dependencies": {}
}