{
  "version": 1,
  "author": "Paulina Juich",
  "editor": "wokwi",
  "parts": [
    { "type": "wokwi-arduino-uno", "id": "uno", "top": 0, "left": 0, "attrs": {} },
    {
      "type": "wokwi-ssd1306",
      "id": "oled",
      "top": -120,
      "left": 200,
      "attrs": { "i2c-address": "0x3C" }
    },
    { "type": "wokwi-button", "id": "button", "top": 80, "left": 240, "rotate": 90, "attrs": {} },
    { "type": "wokwi-potentiometer", "id": "pot", "top": 200.3, "left": 297.4, "attrs": {} }
  ],
  "connections": [
    [ "uno:5V", "oled:VCC", "red", [ "v-30", "h80" ] ],
    [ "uno:GND", "oled:GND", "black", [ "v-20", "h80" ] ],
    [ "uno:A4", "oled:SDA", "green", [ "v-10", "h80" ] ],
    [ "uno:A5", "oled:SCL", "blue", [ "v0", "h80" ] ],
    [ "uno:2", "button:1", "orange", [ "v20", "h40" ] ],
    [ "button:2", "uno:GND", "black", [ "v0", "h-60", "v-40" ] ],
    [ "pot:VCC", "uno:5V", "red", [ "h-20", "v-80", "h-140" ] ],
    [ "pot:GND", "uno:GND", "black", [ "h-40", "v-60", "h-140" ] ],
    [ "pot:SIG", "uno:A0", "purple", [ "v-20", "h-100" ] ]
  ],
  "dependencies": {}
}