{
  "version": 1,
  "author": "Anonymous maker",
  "editor": "wokwi",
  "parts": [
    { "type": "wokwi-arduino-uno", "id": "uno", "top": 29.4, "left": -0.6, "attrs": {} },
    {
      "type": "wokwi-lcd1602",
      "id": "lcd1",
      "top": 208,
      "left": 293.6,
      "attrs": { "pins": "i2c" }
    },
    {
      "type": "wokwi-pushbutton",
      "id": "btn1",
      "top": -38.5,
      "left": 128.3,
      "rotate": 90,
      "attrs": { "color": "black", "xray": "1" }
    },
    { "type": "wokwi-potentiometer", "id": "pot1", "top": 238.7, "left": 28.6, "attrs": {} }
  ],
  "connections": [
    [ "uno:GND.1", "btn1:2.r", "black", [ "v0" ] ],
    [ "uno:2", "btn1:1.r", "gray", [ "v0" ] ],
    [ "uno:GND.2", "lcd1:GND", "black", [ "v0" ] ],
    [ "uno:5V", "lcd1:VCC", "red", [ "v0" ] ],
    [ "lcd1:SDA", "uno:A4", "green", [ "h0" ] ],
    [ "lcd1:SCL", "uno:A5", "orange", [ "h0" ] ],
    [ "pot1:VCC", "uno:5V", "red", [ "v19.2", "h76" ] ],
    [ "pot1:SIG", "uno:A0", "gold", [ "v28.8", "h134" ] ],
    [ "uno:GND.3", "pot1:GND", "black", [ "v134.3", "h-15.2" ] ]
  ],
  "dependencies": {}
}